feature	metadata	value	coef	stderr	N	N.not.0	pval	qval
PWY.5030..L.histidine.degradation.III	site	Soweto	0.754978832417503	0.136563887801273	169	167	1.2232151796688e-07	5.1864323617957e-05
PWY.4984..urea.cycle	site	Soweto	0.878153948986694	0.165282412687123	169	150	3.40606196822619e-07	7.22085137263953e-05
PWY.5100..pyruvate.fermentation.to.acetate.and.lactate.II	site	Soweto	-0.308436162828902	0.0637429325517145	169	168	2.95381871068905e-06	0.000417473044444052
HISDEG.PWY..L.histidine.degradation.I	site	Soweto	0.37531880072925	0.0802095621722268	169	168	5.92196321726039e-06	0.000418485400686401
PWY.5941..glycogen.degradation.II..eukaryotic.	site	Soweto	0.968289456417672	0.205118364438184	169	147	4.95131760612851e-06	0.000418485400686401
PWY.6572..chondroitin.sulfate.degradation.I..bacterial.	site	Soweto	1.31485901250373	0.279394747536967	169	79	5.27317719830239e-06	0.000418485400686401
CITRULBIO.PWY..L.citrulline.biosynthesis	site	Soweto	0.664021492725882	0.147182548830459	169	161	1.20886609568872e-05	0.000640699030715021
PWY0.1479..tRNA.processing	site	Soweto	-0.647515488960338	0.143300747169746	169	161	1.17368076707133e-05	0.000640699030715021
PWY.5104..L.isoleucine.biosynthesis.IV	site	Soweto	-0.397728504028479	0.0910298834661716	169	168	2.18372803414891e-05	0.00102877854053238
PWY.5367..petroselinate.biosynthesis	site	Soweto	-1.57869504875103	0.367690992017842	169	103	2.97399623912029e-05	0.001260974405387
PWY.6113..superpathway.of.mycolate.biosynthesis	site	Soweto	-1.22196973370315	0.288069717088985	169	103	3.66331548239385e-05	0.00130901340462761
PWY.6284..superpathway.of.unsaturated.fatty.acids.biosynthesis..E..coli.	site	Soweto	-1.39141560833534	0.329783553754858	169	103	4.01348449532051e-05	0.00130901340462761
PWY.7234..inosine.5..phosphate.biosynthesis.III	site	Soweto	0.496075349812279	0.117182401810009	169	167	3.79156594631276e-05	0.00130901340462761
PWY.6859..all.trans.farnesol.biosynthesis	site	Soweto	0.774805850150332	0.193074539508295	169	148	9.03403189876498e-05	0.00267111353672096
TRPSYN.PWY..L.tryptophan.biosynthesis	site	Soweto	-0.220715260292725	0.0551604456319589	169	168	9.44969411575811e-05	0.00267111353672096
PWY.5188..tetrapyrrole.biosynthesis.I..from.glutamate.	site	Soweto	-0.3268484906626	0.08354168848956	169	167	0.000132771343376611	0.00308012686934883
PWY.6285..superpathway.of.fatty.acids.biosynthesis..E..coli.	site	Soweto	-1.38652551309861	0.353002754461188	169	87	0.000125226864640344	0.00308012686934883
PWY.7046..4.coumarate.degradation..anaerobic.	site	Soweto	-1.52799803265686	0.387984700748449	169	99	0.000120323983018021	0.00308012686934883
PWY0.1061..superpathway.of.L.alanine.biosynthesis	site	Soweto	-0.462491573976829	0.118521994289274	169	167	0.000138024553107612	0.00308012686934883
PWY0.1241..ADP.L.glycero..beta..D.manno.heptose.biosynthesis	site	Soweto	-0.707741502047064	0.182068370477193	169	160	0.000146037042668659	0.00309598530457557
THISYNARA.PWY..superpathway.of.thiamin.diphosphate.biosynthesis.III..eukaryotes.	site	Soweto	0.282247158908911	0.0734115714545761	169	168	0.00017134123529283	0.00345946113162666
DAPLYSINESYN.PWY..L.lysine.biosynthesis.I	site	Soweto	-0.488906820594279	0.128415756852875	169	168	0.00019707386641517	0.00379815088000146
CALVIN.PWY..Calvin.Benson.Bassham.cycle	site	Soweto	-0.145581734606246	0.0385279587574792	169	168	0.000219130782106741	0.00403962833101122
PWY.5971..palmitate.biosynthesis.II..bacteria.and.plants.	site	Soweto	-0.911897500654277	0.247148202807485	169	103	0.000303544363772775	0.00536261709331903
PWY.5189..tetrapyrrole.biosynthesis.II..from.glycine.	site	Soweto	-0.608339733878707	0.166311580605173	169	155	0.000340644382692497	0.00543653941568211
PWY.5659..GDP.mannose.biosynthesis	site	Soweto	0.284569274685936	0.0778926674461878	169	168	0.000346194726942021	0.00543653941568211
PWY.7237..myo...chiro..and.scillo.inositol.degradation	site	Soweto	-0.614691138139448	0.167713356396172	169	119	0.00033178288211822	0.00543653941568211
PWY.5690..TCA.cycle.II..plants.and.fungi.	site	Soweto	-0.326199253029374	0.0895447422868657	169	167	0.000359523445287449	0.00544421217149566
PWY.5484..glycolysis.II..from.fructose.6.phosphate.	site	Soweto	0.20321686656086	0.0560012166270376	169	168	0.00037816540250922	0.00552903898841067
ARGININE.SYN4.PWY..L.ornithine.de.novo..biosynthesis	site	Soweto	0.590215708575167	0.167063708261319	169	167	0.000531703307155948	0.00747259468757826
PROPFERM.PWY..L.alanine.fermentation.to.propanoate.and.acetate	site	Soweto	-0.969884097971728	0.276466521447699	169	81	0.000579901834689157	0.00747259468757826
PWY.2941..L.lysine.biosynthesis.II	site	Soweto	0.444366071595615	0.126188032223146	169	163	0.000553465136071209	0.00747259468757826
PWY.6470..peptidoglycan.biosynthesis.V...beta..lactam.resistance.	site	Soweto	0.612897399114049	0.175175143322169	169	129	0.000599217498532219	0.00747259468757826
PWY.6471..peptidoglycan.biosynthesis.IV..Enterococcus.faecium.	site	Soweto	0.655885229088198	0.187402328833226	169	129	0.000596902283880163	0.00747259468757826
PWY.621..sucrose.degradation.III..sucrose.invertase.	site	Soweto	0.340917416666315	0.10293857664658	169	167	0.00113601525587866	0.0137620133855015
PWY0.1298..superpathway.of.pyrimidine.deoxyribonucleosides.degradation	site	Soweto	-0.440422889667752	0.134506855647663	169	168	0.00128748605696873	0.0148661491320829
TCA..TCA.cycle.I..prokaryotic.	site	Soweto	-0.278771983697166	0.0851973996562191	169	167	0.00129728188180912	0.0148661491320829
PWY.5705..allantoin.degradation.to.glyoxylate.III	site	Soweto	-1.7126345763081	0.526934000700775	169	61	0.00139484249547393	0.0155635057389722
METH.ACETATE.PWY..methanogenesis.from.acetate	site	Soweto	-0.418976026392762	0.13029115233436	169	159	0.00156259553171556	0.0169882180883948
SER.GLYSYN.PWY..superpathway.of.L.serine.and.glycine.biosynthesis.I	site	Soweto	0.21643154067945	0.0683409044371758	169	168	0.00183178080461472	0.0194168765289161
P125.PWY..superpathway.of..R.R..butanediol.biosynthesis	site	Soweto	1.35083718731219	0.429958576944768	169	96	0.00198693055021278	0.0205477695924444
PENTOSE.P.PWY..pentose.phosphate.pathway	site	Soweto	0.360053109249007	0.115295316933167	169	165	0.00211146056884953	0.0208199832835396
PWY0.321..phenylacetate.degradation.I..aerobic.	site	Soweto	-3.15776185481665	1.00990723755304	169	37	0.00208515104342436	0.0208199832835396
P23.PWY..reductive.TCA.cycle.I	site	Soweto	-0.65602003209898	0.2108324463509	169	145	0.00218934058116497	0.0210972819639533
PWY.6071..superpathway.of.phenylethylamine.degradation	site	Soweto	-3.07609740280383	0.995616491979461	169	37	0.00234801760744353	0.0221235436790235
GLUTORN.PWY..L.ornithine.biosynthesis	site	Soweto	-0.147098138098327	0.048049151731453	169	168	0.0025679370175435	0.0236696803356184
LPSSYN.PWY..superpathway.of.lipopolysaccharide.biosynthesis	site	Soweto	-1.99345682839218	0.659871059051093	169	35	0.0029161082334459	0.0258796351794154
PWY.7228..superpathway.of.guanosine.nucleotides.de.novo.biosynthesis.I	site	Soweto	0.158771502259347	0.0525823053945785	169	168	0.00292977002031118	0.0258796351794154
PWY.6527..stachyose.degradation	site	Soweto	-0.194948537775906	0.0649808401693306	169	168	0.00311254119355427	0.0266761712434342
PWY4LZ.257..superpathway.of.fermentation..Chlamydomonas.reinhardtii.	site	Soweto	-0.548681217343837	0.183096402116323	169	166	0.00314577491078234	0.0266761712434342
PWY.6215..4.chlorobenzoate.degradation	site	Soweto	-1.87842659634124	0.630418249351198	169	43	0.0033165028119979	0.0275724939664139
P124.PWY..Bifidobacterium.shunt	site	Soweto	0.903878721313033	0.306388599680811	169	150	0.00363307111849173	0.0296235029661633
PWY.7400..L.arginine.biosynthesis.IV..archaebacteria.	site	Soweto	-0.120104582141523	0.041136134278711	169	168	0.00398777193584622	0.0319021754867698
ARGSYN.PWY..L.arginine.biosynthesis.I..via.L.ornithine.	site	Soweto	-0.119285667252808	0.0416600530954843	169	168	0.00473015724683277	0.036465212230129
PWY.6565..superpathway.of.polyamine.biosynthesis.III	site	Soweto	-0.57842863251751	0.20163142943099	169	116	0.00465348680855795	0.036465212230129
POLYAMINSYN3.PWY..superpathway.of.polyamine.biosynthesis.II	site	Soweto	-0.316655384993471	0.111007176892344	169	159	0.00488521018783521	0.0369880199936095
PWY.5747..2.methylcitrate.cycle.II	site	Soweto	-0.99792265569157	0.353722253459004	169	103	0.005364744559833	0.0399061700591086
P42.PWY..incomplete.reductive.TCA.cycle	site	Soweto	-0.285100429527505	0.101514793064181	169	167	0.00557153695290172	0.0407298563453505
CRNFORCAT.PWY..creatinine.degradation.I	site	Soweto	-1.08094424810707	0.387598612427566	169	60	0.00590448400032264	0.0424322240023186
COMPLETE.ARO.PWY..superpathway.of.aromatic.amino.acid.biosynthesis	site	Soweto	-0.101250142325526	0.0365006177664519	169	168	0.00616895966442855	0.0428793261920935
PWY0.41..allantoin.degradation.IV..anaerobic.	site	Soweto	-1.82746228421109	0.658213376015233	169	42	0.00612439719527447	0.0428793261920935
PWY.6823..molybdenum.cofactor.biosynthesis	site	Soweto	-1.52901027273537	0.553596406747754	169	54	0.00638928138459562	0.0430008778899769
PWY0.42..2.methylcitrate.cycle.I	site	Soweto	-1.08769011991816	0.393493879718792	169	93	0.0063477584593476	0.0430008778899769
PWY.6125..superpathway.of.guanosine.nucleotides.de.novo.biosynthesis.II	site	Soweto	0.129310679007677	0.0471960631888201	169	168	0.0068148138835147	0.0451481419782849
P161.PWY..acetylene.degradation	site	Soweto	-0.588912087565831	0.215790755814393	169	167	0.00703145466180658	0.0458667196400922
PWY.7204..pyridoxal.5..phosphate.salvage.II..plants.	site	Soweto	-1.06675069739496	0.392184016773779	169	95	0.00721851332569013	0.0463734795468578
ARO.PWY..chorismate.biosynthesis.I	site	Soweto	-0.0940341077479213	0.0347055056727019	169	168	0.00744170840402338	0.0464012406368516
PWY.7208..superpathway.of.pyrimidine.nucleobases.salvage	site	Soweto	0.152794131432579	0.0563251264354198	169	168	0.00737264313725594	0.0464012406368516
GLYCOL.GLYOXDEG.PWY..superpathway.of.glycol.metabolism.and.degradation	site	Soweto	-0.878034792413898	0.331098590560778	169	115	0.00877566921691891	0.0524068133517411
PWY.5005..biotin.biosynthesis.II	site	Soweto	-0.663054956504048	0.249946118809874	169	99	0.00875306029002727	0.0524068133517411
PWY.6590..superpathway.of.Clostridium.acetobutylicum.acidogenic.fermentation	site	Soweto	-0.336464445645453	0.126838846954123	169	161	0.0087555259542185	0.0524068133517411
PWY.5345..superpathway.of.L.methionine.biosynthesis..by.sulfhydrylation.	site	Soweto	-0.291894731657649	0.110337270489842	169	165	0.00893661454244641	0.0526267300832955
P441.PWY..superpathway.of.N.acetylneuraminate.degradation	site	Soweto	-0.334383328399539	0.126795991909886	169	166	0.00914913288885126	0.0531401691078484
CENTFERM.PWY..pyruvate.fermentation.to.butanoate	site	Soweto	-0.343400236802685	0.131224511077629	169	161	0.00968771143139556	0.0542650747799635
PWY.5692..allantoin.degradation.to.glyoxylate.II	site	Soweto	-2.22574283837748	0.852304863345684	169	33	0.00983722417028253	0.0542650747799635
PWY.6969..TCA.cycle.V..2.oxoglutarate.ferredoxin.oxidoreductase.	site	Soweto	-0.192424365238554	0.0737030507377506	169	167	0.00985474235390846	0.0542650747799635
URDEGR.PWY..superpathway.of.allantoin.degradation.in.plants	site	Soweto	-2.22574283837748	0.852304863345684	169	33	0.00983722417028253	0.0542650747799635
PWY.7323..superpathway.of.GDP.mannose.derived.O.antigen.building.blocks.biosynthesis	site	Soweto	0.253922016028369	0.0992122296844856	169	166	0.0113729813497242	0.061822360157475
PWY.622..starch.biosynthesis	site	Soweto	1.17555955347781	0.463976181872688	169	34	0.0122082531437721	0.065189955245428
PWY.821..superpathway.of.sulfur.amino.acid.biosynthesis..Saccharomyces.cerevisiae.	site	Soweto	-0.518631904596297	0.204917067953341	169	140	0.0122999915557411	0.065189955245428
ARGSYNBSUB.PWY..L.arginine.biosynthesis.II..acetyl.cycle.	site	Soweto	-0.11550113466916	0.0465239137257756	169	168	0.0140301594174505	0.0718574201444448
KETOGLUCONMET.PWY..ketogluconate.metabolism	site	Soweto	-0.968776426085513	0.390373744270581	169	117	0.0140664289433701	0.0718574201444448
NONOXIPENT.PWY..pentose.phosphate.pathway..non.oxidative.branch.	site	Soweto	-0.180491621468991	0.0725504861471152	169	168	0.0138345017370376	0.0718574201444448
SALVADEHYPOX.PWY..adenosine.nucleotides.degradation.II	site	Soweto	-0.313221771490592	0.127173883102851	169	168	0.0147947714387093	0.0746783701191993
POLYISOPRENSYN.PWY..polyisoprenoid.biosynthesis..E..coli.	site	Soweto	0.352632562909668	0.145155557103558	169	166	0.0161862424430062	0.0807407858333487
PWY.5392..reductive.TCA.cycle.II	site	Soweto	-0.62300211692747	0.257557050226639	169	120	0.0166422004438138	0.0820499184671751
PWY.7392..taxadiene.biosynthesis..engineered.	site	Soweto	0.432582742090772	0.180856524469668	169	137	0.0178746313118868	0.087113145703908
PWY.841..superpathway.of.purine.nucleotides.de.novo.biosynthesis.I	site	Soweto	0.0896046080378058	0.0376751122008921	169	168	0.0185200392549227	0.0892329164100821
GLYCOLYSIS..glycolysis.I..from.glucose.6.phosphate.	site	Soweto	0.111256957235888	0.0475363176200149	169	168	0.0204417099839027	0.0973852250918509
UNINTEGRATED	site	Soweto	0.0339892721069071	0.0146367335835518	169	169	0.0214296845473466	0.0977009273986553
PWY.5088..L.glutamate.degradation.VIII..to.propanoate.	site	Soweto	-0.435519115139436	0.186930077850453	169	129	0.0210104844662914	0.0977009273986553
PWY.6124..inosine.5..phosphate.biosynthesis.II	site	Soweto	0.117103681112926	0.0503747582753836	169	168	0.0212942617073285	0.0977009273986553
PWY.6545..pyrimidine.deoxyribonucleotides.de.novo.biosynthesis.III	site	Soweto	-0.118270511656971	0.0507118187980612	169	168	0.020882930602386	0.0977009273986553
PWY.5101..L.isoleucine.biosynthesis.II	site	Soweto	-1.14248857622626	0.494923688470164	169	67	0.0222020411814378	0.0984995600594509
PWY.6396..superpathway.of.2.3.butanediol.biosynthesis	site	Soweto	-1.31893971000841	0.571795015859098	169	41	0.0223017871832719	0.0984995600594509
PWY.6588..pyruvate.fermentation.to.acetone	site	Soweto	-0.570951505382628	0.246831429343254	169	139	0.0219352932458424	0.0984995600594509
PWY.7409..phospholipid.remodeling..phosphatidylethanolamine..yeast.	site	Soweto	-1.44743289496227	0.629011768824646	169	50	0.022620641062335	0.0988778537157736
PWY66.400..glycolysis.VI..metazoan.	site	Soweto	0.138709655594255	0.0606326523469154	169	168	0.0234089872052976	0.101279699745369
PWY66.422..D.galactose.degradation.V..Leloir.pathway.	site	Soweto	-0.110472012576282	0.0488219824454151	169	168	0.0249394398858775	0.106811338501132
ENTBACSYN.PWY..enterobactin.biosynthesis	site	Soweto	-0.702046481574234	0.312048438812964	169	88	0.0257677182147757	0.108173391317474
PWY.7196..superpathway.of.pyrimidine.ribonucleosides.salvage	site	Soweto	0.398542983375435	0.17712696656702	169	163	0.0257520525519777	0.108173391317474
P105.PWY..TCA.cycle.IV..2.oxoglutarate.decarboxylase.	site	Soweto	-0.468789353210969	0.209672054022768	169	130	0.0266884517709518	0.110346390566697
PWY.5723..Rubisco.shunt	site	Soweto	-0.53591878006306	0.239884509002409	169	152	0.0268058448782307	0.110346390566697
ANAGLYCOLYSIS.PWY..glycolysis.III..from.glucose.	site	Soweto	0.0927107492837481	0.0423196289441254	169	168	0.0298570443481107	0.11443279142514
PWY.5177..glutaryl.CoA.degradation	site	Soweto	-0.201438340783451	0.0926157763423356	169	167	0.0310371957874791	0.11443279142514
PWY.5918..superpathay.of.heme.biosynthesis.from.glutamate	site	Soweto	-0.460090455994673	0.209864508508773	169	144	0.0297396713515115	0.11443279142514
PWY.5920..superpathway.of.heme.biosynthesis.from.glycine	site	Soweto	-0.624975204558383	0.286114386629908	169	101	0.0303301500057888	0.11443279142514
PWY.6123..inosine.5..phosphate.biosynthesis.I	site	Soweto	0.101348829676552	0.0464935234978415	169	168	0.0306685919885023	0.11443279142514
PWY.6629..superpathway.of.L.tryptophan.biosynthesis	site	Soweto	-0.465544717939534	0.21374081279567	169	131	0.0308022553760606	0.11443279142514
PWY.6891..thiazole.biosynthesis.II..Bacillus.	site	Soweto	-0.509639574614517	0.23365549254422	169	155	0.0305698796177927	0.11443279142514
PWY.7312..dTDP.D..beta..fucofuranose.biosynthesis	site	Soweto	1.17264839600743	0.538429274434612	169	63	0.0308154779483998	0.11443279142514
PWY.7456..mannan.degradation	site	Soweto	0.160776768603301	0.0729779006708088	169	167	0.0289575372805423	0.11443279142514
PWY0.1297..superpathway.of.purine.deoxyribonucleosides.degradation	site	Soweto	-0.380407145394965	0.172902149224642	169	167	0.0291706673659569	0.11443279142514
PWY490.3..nitrate.reduction.VI..assimilatory.	site	Soweto	-0.662573762515026	0.299911490656229	169	67	0.0285193834178809	0.11443279142514
SULFATE.CYS.PWY..superpathway.of.sulfate.assimilation.and.cysteine.biosynthesis	site	Soweto	-0.252418366680594	0.114446676401917	169	165	0.0287809428471994	0.11443279142514
PWY.7039..phosphatidate.metabolism..as.a.signaling.molecule	site	Soweto	-2.62219911510214	1.21012591881405	169	19	0.0316608567139581	0.115725890057916
PWY.5121..superpathway.of.geranylgeranyl.diphosphate.biosynthesis.II..via.MEP.	site	Soweto	0.301337490136129	0.141124707966162	169	153	0.0341980145308444	0.12083298467565
PWY.6895..superpathway.of.thiamin.diphosphate.biosynthesis.II	site	Soweto	-0.31204370579008	0.145729761461591	169	155	0.0337042298191174	0.12083298467565
PWY.7003..glycerol.degradation.to.butanol	site	Soweto	-0.655336363487537	0.305981376668061	169	101	0.0336630246878656	0.12083298467565
PWY0.1533..methylphosphonate.degradation.I	site	Soweto	-1.27400912148761	0.595965560756502	169	76	0.0339940600122137	0.12083298467565
REDCITCYC..TCA.cycle.VIII..helicobacter.	site	Soweto	-0.476612141275216	0.225912435519736	169	132	0.0363728515193377	0.127455281357018
GLYCOLYSIS.TCA.GLYOX.BYPASS..superpathway.of.glycolysis..pyruvate.dehydrogenase..TCA..and.glyoxylate.bypass	site	Soweto	-0.4387815618393	0.210301188616167	169	131	0.0384578796084931	0.13271231647489
PWY.5973..cis.vaccenate.biosynthesis	site	Soweto	0.100804858447033	0.0483246041222874	169	168	0.0384990918075743	0.13271231647489
UNMAPPED	site	Soweto	-0.100199636111047	0.0485795636796148	169	169	0.0407002302168955	0.139168529128739
PWY.6630..superpathway.of.L.tyrosine.biosynthesis	site	Soweto	-0.390509863266834	0.190826922738682	169	139	0.0422839306738621	0.14342709284574
FOLSYN.PWY..superpathway.of.tetrahydrofolate.biosynthesis.and.salvage	site	Soweto	-0.536804155904211	0.264233573483936	169	104	0.0437842042244453	0.147337322152102
GLYOXYLATE.BYPASS..glyoxylate.cycle	site	Soweto	-0.442227512085397	0.218755812370976	169	143	0.0448187189414498	0.148462006493552
PWY.7446..sulfoglycolysis	site	Soweto	-0.979169014966035	0.484254640041277	169	51	0.0447711827271642	0.148462006493552
DENOVOPURINE2.PWY..superpathway.of.purine.nucleotides.de.novo.biosynthesis.II	site	Soweto	0.0732525455667093	0.0363683655889139	169	168	0.0455953843485272	0.149842297385155
TCA.GLYOX.BYPASS..superpathway.of.glyoxylate.bypass.and.TCA	site	Soweto	-0.473999431864026	0.235712228077234	169	131	0.0459422138209202	0.149842297385155
PWY.7663..gondoate.biosynthesis..anaerobic.	site	Soweto	0.102732943004506	0.0515384796871367	169	168	0.0478542452736156	0.154887022870328
PWY.5675..nitrate.reduction.V..assimilatory.	site	Soweto	-0.489759035126831	0.246236774779183	169	142	0.0483370063725412	0.155264323499678
PWY.6612..superpathway.of.tetrahydrofolate.biosynthesis	site	Soweto	-0.543975805225454	0.273961844043061	169	104	0.0487157543809892	0.155304359831123
PWY.5464..superpathway.of.cytosolic.glycolysis..plants...pyruvate.dehydrogenase.and.TCA.cycle	site	Soweto	-0.22447309085444	0.114546965935293	169	153	0.0517000510622584	0.163588221271624
PWY.7616..methanol.oxidation.to.carbon.dioxide	site	Soweto	-0.754467127332084	0.385703571982552	169	64	0.052123918777111	0.163707715270334
PWY.7315..dTDP.N.acetylthomosamine.biosynthesis	site	Soweto	-0.344039664437035	0.176905035954755	169	158	0.0534824489906907	0.166739399794506
FAO.PWY..fatty.acid..beta..oxidation.I	site	Soweto	-0.383716133645292	0.198361712170783	169	167	0.0547509518969621	0.167407480845657
PWY.4702..phytate.degradation.I	site	Soweto	-0.862393471921515	0.444589762786803	169	89	0.0540948459677381	0.167407480845657
PWY3O.355..stearate.biosynthesis.III..fungi.	site	Soweto	-0.792356850771292	0.40983080104437	169	90	0.0548812260319489	0.167407480845657
GLYCOGENSYNTH.PWY..glycogen.biosynthesis.I..from.ADP.D.Glucose.	site	Soweto	-0.0998680614162919	0.0518878869445025	169	168	0.0559680768996137	0.169503318610259
ORNDEG.PWY..superpathway.of.ornithine.degradation	site	Soweto	-0.613787120282215	0.323031889795795	169	100	0.0591456248952024	0.177856347202594
COA.PWY..coenzyme.A.biosynthesis.I	site	Soweto	-0.0759135002642644	0.0401925780153294	169	168	0.0606597718011446	0.178609328081148
PWY.5754..4.hydroxybenzoate.biosynthesis.I..eukaryotes.	site	Soweto	-1.41410151808328	0.746723424720375	169	32	0.0599883836485388	0.178609328081148
PWY3O.1109..superpathway.of.4.hydroxybenzoate.biosynthesis..yeast.	site	Soweto	-1.40289390909431	0.742268041188706	169	32	0.0604891616460629	0.178609328081148
PWY.922..mevalonate.pathway.I	site	Soweto	0.999183856440893	0.537155415164326	169	22	0.0646244582842614	0.188312992196403
PWY66.409..superpathway.of.purine.nucleotide.salvage	site	Soweto	-0.310558290254305	0.167092495960237	169	149	0.0648436246714029	0.188312992196403
PWY.561..superpathway.of.glyoxylate.cycle.and.fatty.acid.degradation	site	Soweto	-0.465843365940411	0.25122425384991	169	123	0.0654607635500263	0.188811998266743
PWY.5676..acetyl.CoA.fermentation.to.butanoate.II	site	Soweto	-0.363927092897557	0.198244561993224	169	163	0.0681733683090281	0.195307487588026
GALACTARDEG.PWY..D.galactarate.degradation.I	site	Soweto	-0.556194637695066	0.304089734714804	169	131	0.0691761227621481	0.195537840341005
GLUCARGALACTSUPER.PWY..superpathway.of.D.glucarate.and.D.galactarate.degradation	site	Soweto	-0.556194637695066	0.304089734714804	169	131	0.0691761227621481	0.195537840341005
GLUCARDEG.PWY..D.glucarate.degradation.I	site	Soweto	-0.5282227541414	0.294253060572207	169	128	0.0744411930251724	0.20897859509161
PPGPPMET.PWY..ppGpp.biosynthesis	site	Soweto	-0.208991868555212	0.116614169318196	169	166	0.0749168548441621	0.20897859509161
PWY0.1296..purine.ribonucleosides.degradation	site	Soweto	-0.107680529656031	0.060373349690727	169	168	0.0763084892248451	0.211469277328982
PWY0.1277..3.phenylpropanoate.and.3..3.hydroxyphenyl.propanoate.degradation	site	Soweto	-0.76209211474032	0.430062408221012	169	83	0.0782097376042185	0.215330706131095
NAD.BIOSYNTHESIS.II..NAD.salvage.pathway.II	site	Soweto	0.331320869921271	0.188471436256532	169	163	0.0805903373254165	0.219549687345345
PWY.7371..1.4.dihydroxy.6.naphthoate.biosynthesis.II	site	Soweto	0.562253831694392	0.320036925429666	169	87	0.0807777151553628	0.219549687345345
LACTOSECAT.PWY..lactose.and.galactose.degradation.I	site	Soweto	0.449787756916311	0.258758919821236	169	161	0.0840098845557331	0.225750000901407
MET.SAM.PWY..superpathway.of.S.adenosyl.L.methionine.biosynthesis	site	Soweto	-0.210293290031417	0.121024748822302	169	168	0.0841238210906186	0.225750000901407
PWY.7385..1.3.propanediol.biosynthesis..engineered.	site	Soweto	-0.60180975038767	0.34993862784176	169	101	0.0873290523154619	0.232877472841232
TRNA.CHARGING.PWY..tRNA.charging	site	Soweto	-0.0559920866350879	0.0326657165099853	169	168	0.0883669044018905	0.23417229666501
PWY.6901..superpathway.of.glucose.and.xylose.degradation	site	Soweto	0.155074096340362	0.0935995499344816	169	164	0.0994410321724108	0.260557620045616
PWY0.1415..superpathway.of.heme.biosynthesis.from.uroporphyrinogen.III	site	Soweto	-0.427972435663958	0.258401326855954	169	124	0.0995526755834664	0.260557620045616
P461.PWY..hexitol.fermentation.to.lactate..formate..ethanol.and.acetate	site	Soweto	-0.340069135034514	0.206347940576482	169	166	0.101225118794809	0.262492832524036
PWY.6147..6.hydroxymethyl.dihydropterin.diphosphate.biosynthesis.I	site	Soweto	0.165540822595755	0.100803167097298	169	168	0.10242644677257	0.262492832524036
PWY.7389..superpathway.of.anaerobic.energy.metabolism..invertebrates.	site	Soweto	-0.562423908582742	0.342457363500195	169	69	0.102405792688696	0.262492832524036
UDPNAGSYN.PWY..UDP.N.acetyl.D.glucosamine.biosynthesis.I	site	Soweto	-0.132025364235265	0.0804752006400031	169	168	0.102768420280637	0.262492832524036
PWY.6628..superpathway.of.L.phenylalanine.biosynthesis	site	Soweto	-0.26870504542625	0.166390622952197	169	151	0.108219030632416	0.274759694539786
PWY.5136..fatty.acid..beta..oxidation.II..peroxisome.	site	Soweto	-0.308229478873383	0.192228673146115	169	167	0.110724487987336	0.276736100677932
PWY.7384..anaerobic.energy.metabolism..invertebrates..mitochondrial.	site	Soweto	-0.551650473145551	0.344263742735596	169	69	0.110955512064265	0.276736100677932
TEICHOICACID.PWY..teichoic.acid..poly.glycerol..biosynthesis	site	Soweto	0.227732150966611	0.141844795646465	169	155	0.110272616774291	0.276736100677932
HCAMHPDEG.PWY..3.phenylpropanoate.and.3..3.hydroxyphenyl.propanoate.degradation.to.2.oxopent.4.enoate	site	Soweto	-0.778128650617654	0.490910121507156	169	91	0.114841403480149	0.279843419974615
PWY.5910..superpathway.of.geranylgeranyldiphosphate.biosynthesis.I..via.mevalonate.	site	Soweto	0.904759665313725	0.567805643684181	169	21	0.112954245291043	0.279843419974615
PWY.6690..cinnamate.and.3.hydroxycinnamate.degradation.to.2.oxopent.4.enoate	site	Soweto	-0.778128650617654	0.490910121507156	169	91	0.114841403480149	0.279843419974615
PWY.7254..TCA.cycle.VII..acetate.producers.	site	Soweto	-0.349364603663049	0.219895603536942	169	131	0.114002662662717	0.279843419974615
P562.PWY..myo.inositol.degradation.I	site	Soweto	-0.729140241824647	0.462221285769995	169	41	0.116579774225653	0.280851274270891
PWY.5656..mannosylglycerate.biosynthesis.I	site	Soweto	-0.574563038495093	0.363605323971753	169	83	0.115957088621673	0.280851274270891
HEXITOLDEGSUPER.PWY..superpathway.of.hexitol.degradation..bacteria.	site	Soweto	-0.183870711029721	0.11696828393629	169	165	0.117850039659309	0.28230743963586
PWY.7539..6.hydroxymethyl.dihydropterin.diphosphate.biosynthesis.III..Chlamydia.	site	Soweto	0.158666600403013	0.101315744845652	169	168	0.119227340844735	0.284002205158244
PWY.6385..peptidoglycan.biosynthesis.III..mycobacteria.	site	Soweto	-0.0613227606277222	0.0392389868984219	169	168	0.119992216153199	0.284227372340539
PEPTIDOGLYCANSYN.PWY..peptidoglycan.biosynthesis.I..meso.diaminopimelate.containing.	site	Soweto	-0.0617786026410803	0.0398548093966274	169	168	0.123012560894202	0.289762921217454
PWY.6992..1.5.anhydrofructose.degradation	site	Soweto	-0.322562607358669	0.209254985354391	169	120	0.125092471297911	0.293034297405052
PWY.6163..chorismate.biosynthesis.from.3.dehydroquinate	site	Soweto	-0.061780598441029	0.0402362266251612	169	168	0.126566437882784	0.294858075067584
PWY.6803..phosphatidylcholine.acyl.editing	site	Soweto	-0.416507113593273	0.271832128796824	169	126	0.127359888269499	0.295085205608019
KDO.NAGLIPASYN.PWY..superpathway.of..Kdo.2.lipid.A.biosynthesis	site	Soweto	-0.598367762276247	0.393208005721655	169	66	0.129960741658928	0.297855970072354
POLYAMSYN.PWY..superpathway.of.polyamine.biosynthesis.I	site	Soweto	-0.18040683028667	0.118525824766842	169	167	0.129878093104131	0.297855970072354
PWY.7279..aerobic.respiration.II..cytochrome.c...yeast.	site	Soweto	-0.966105219249208	0.639100494637279	169	46	0.132509340736859	0.302064303615207
PWY.7211..superpathway.of.pyrimidine.deoxyribonucleotides.de.novo.biosynthesis	site	Soweto	0.176431636229862	0.117111515467093	169	167	0.133821221816028	0.303423518983936
ARGDEG.PWY..superpathway.of.L.arginine..putrescine..and.4.aminobutanoate.degradation	site	Soweto	-0.51158014997391	0.341200780016949	169	101	0.135670315538581	0.304360919515124
ORNARGDEG.PWY..superpathway.of.L.arginine.and.L.ornithine.degradation	site	Soweto	-0.51158014997391	0.341200780016949	169	101	0.135670315538581	0.304360919515124
PWY.6595..superpathway.of.guanosine.nucleotides.degradation..plants.	site	Soweto	0.31191554068823	0.209988596404913	169	131	0.139325066663382	0.310914885606704
P162.PWY..L.glutamate.degradation.V..via.hydroxyglutarate.	site	Soweto	-0.178751733147065	0.121416675375928	169	159	0.142844269268873	0.315700422496477
PWY.5347..superpathway.of.L.methionine.biosynthesis..transsulfuration.	site	Soweto	-0.176816461539934	0.120136754817959	169	168	0.142958681885197	0.315700422496477
HISTSYN.PWY..L.histidine.biosynthesis	site	Soweto	-0.0682831018641141	0.0469521506252709	169	168	0.147736544060693	0.323417042334071
PWY.5304..superpathway.of.sulfur.oxidation..Acidianus.ambivalens.	site	Soweto	-0.238641496903109	0.164190949759811	169	160	0.147978552388703	0.323417042334071
DTDPRHAMSYN.PWY..dTDP.L.rhamnose.biosynthesis.I	site	Soweto	0.0970428075036635	0.0671297224218265	169	169	0.150163069721742	0.32484255898989
PWY.6143..CMP.pseudaminate.biosynthesis	site	Soweto	0.59816993120047	0.413471682990378	169	61	0.149855019990456	0.32484255898989
METSYN.PWY..L.homoserine.and.L.methionine.biosynthesis	site	Soweto	-0.181907682119809	0.126162711849237	169	168	0.151217410874059	0.325462853860919
P621.PWY..nylon.6.oligomer.degradation	site	Soweto	0.760997199630017	0.532686288093735	169	18	0.154986048755662	0.331889316527277
PWY.6953..dTDP.3.acetamido.3.6.dideoxy..alpha..D.galactose.biosynthesis	site	Soweto	-0.676436951194361	0.475416410061778	169	65	0.156650619634852	0.333768154397876
PWY.7221..guanosine.ribonucleotides.de.novo.biosynthesis	site	Soweto	-0.0482434783753083	0.0340679022957097	169	168	0.158609340062005	0.33625180093145
FASYN.INITIAL.PWY..superpathway.of.fatty.acid.biosynthesis.initiation..E..coli.	site	Soweto	-0.180342903084887	0.128122104923158	169	167	0.161112257094638	0.339858691582718
P163.PWY..L.lysine.fermentation.to.acetate.and.butanoate	site	Soweto	-0.430672083690772	0.308875030666964	169	127	0.165071780248752	0.346487301116193
COLANSYN.PWY..colanic.acid.building.blocks.biosynthesis	site	Soweto	0.112636754654725	0.0813677717446936	169	166	0.168116065215594	0.351138973652275
ARG.POLYAMINE.SYN..superpathway.of.arginine.and.polyamine.biosynthesis	site	Soweto	-0.137206539069721	0.0994167956852299	169	167	0.169396204258996	0.352078385322618
HOMOSER.METSYN.PWY..L.methionine.biosynthesis.I	site	Soweto	-0.197765789766674	0.146451276178482	169	168	0.178719280565286	0.364424692190234
METHGLYUT.PWY..superpathway.of.methylglyoxal.degradation	site	Soweto	-0.409877039950041	0.302886810128859	169	105	0.177809520217211	0.364424692190234
PWY.6387..UDP.N.acetylmuramoyl.pentapeptide.biosynthesis.I..meso.diaminopimelate.containing.	site	Soweto	-0.0559692275459151	0.0414521138749898	169	168	0.178774377300869	0.364424692190234
PWY.6834..spermidine.biosynthesis.III	site	Soweto	0.777102858100822	0.572282127724671	169	20	0.176326742739852	0.364424692190234
PWY.6145..superpathway.of.sialic.acids.and.CMP.sialic.acids.biosynthesis	site	Soweto	-0.615867502891312	0.45867571759762	169	48	0.181188773147693	0.367579137869004
PWY.6107..chlorosalicylate.degradation	site	Soweto	-1.17944478562158	0.883059967140931	169	17	0.183486440760519	0.370467861345048
PWY.6151..S.adenosyl.L.methionine.cycle.I	site	Soweto	-0.0632821996290774	0.0480158553436156	169	168	0.189327444580943	0.380449462096302
AST.PWY..L.arginine.degradation.II..AST.pathway.	site	Soweto	-0.47521170979855	0.361557398787941	169	92	0.190531958779713	0.381063917559426
PWY.6478..GDP.D.glycero..alpha..D.manno.heptose.biosynthesis	site	Soweto	0.643306220981391	0.4936306992107	169	48	0.194295774294685	0.386556118907884
PWY.6549..L.glutamine.biosynthesis.III	site	Soweto	-0.160982032652727	0.123764642383988	169	166	0.195149362308615	0.386556118907884
PWY0.881..superpathway.of.fatty.acid.biosynthesis.I..E..coli.	site	Soweto	-0.539014041556194	0.415205284940792	169	57	0.196013126333007	0.386556118907884
UBISYN.PWY..superpathway.of.ubiquinol.8.biosynthesis..prokaryotic.	site	Soweto	-0.534689080618443	0.41277180418942	169	68	0.196982994073687	0.386670321700201
PWY.4242..pantothenate.and.coenzyme.A.biosynthesis.III	site	Soweto	-0.0499159593886216	0.0387328866236257	169	168	0.199276840262344	0.38937041599647
PWY.5896..superpathway.of.menaquinol.10.biosynthesis	site	Soweto	-0.393500050326216	0.30949918684794	169	75	0.205351090505617	0.399398451258631
PWY.5850..superpathway.of.menaquinol.6.biosynthesis.I	site	Soweto	-0.391778465204297	0.309735074110561	169	75	0.207675685866952	0.402075300491269
GLUCONEO.PWY..gluconeogenesis.I	site	Soweto	-0.0502655199003944	0.0400942415937872	169	167	0.21170899061666	0.408020963733926
ECASYN.PWY..enterobacterial.common.antigen.biosynthesis	site	Soweto	-0.457668658832651	0.369678767798597	169	83	0.217447315872917	0.409000195891438
GLYCOLYSIS.E.D..superpathway.of.glycolysis.and.Entner.Doudoroff	site	Soweto	0.126838950409757	0.102558305414236	169	165	0.217916442433479	0.409000195891438
PWY.5840..superpathway.of.menaquinol.7.biosynthesis	site	Soweto	-0.26595790712109	0.215287946005424	169	118	0.218431994978512	0.409000195891438
PWY.5855..ubiquinol.7.biosynthesis..prokaryotic.	site	Soweto	-0.513015024222475	0.416637967691529	169	71	0.219934067602	0.409000195891438
PWY.5856..ubiquinol.9.biosynthesis..prokaryotic.	site	Soweto	-0.513015024222475	0.416637967691529	169	71	0.219934067602	0.409000195891438
PWY.5857..ubiquinol.10.biosynthesis..prokaryotic.	site	Soweto	-0.513015024222475	0.416637967691529	169	71	0.219934067602	0.409000195891438
PWY.6708..ubiquinol.8.biosynthesis..prokaryotic.	site	Soweto	-0.513015024222475	0.416637967691529	169	71	0.219934067602	0.409000195891438
PWY.724..superpathway.of.L.lysine..L.threonine.and.L.methionine.biosynthesis.II	site	Soweto	-0.0409364025388919	0.0331620415644409	169	168	0.218774847664587	0.409000195891438
PWY.5860..superpathway.of.demethylmenaquinol.6.biosynthesis.I	site	Soweto	-0.392675699021592	0.321025329735921	169	75	0.222980312894452	0.412854378459597
PWY.7115..C4.photosynthetic.carbon.assimilation.cycle..NAD.ME.type	site	Soweto	-0.189548090769668	0.156571516568617	169	153	0.227752918392541	0.419857553906249
PWY.6317..galactose.degradation.I..Leloir.pathway.	site	Soweto	-0.0646889710339818	0.0537800678698059	169	168	0.230739684699357	0.419886808208271
THREOCAT.PWY..superpathway.of.L.threonine.metabolism	site	Soweto	-0.390111379692928	0.323982204513609	169	86	0.230249546204389	0.419886808208271
THRESYN.PWY..superpathway.of.L.threonine.biosynthesis	site	Soweto	0.0433718712272353	0.0359711217722063	169	168	0.229622771584698	0.419886808208271
PWY.6837..fatty.acid.beta.oxidation.V..unsaturated..odd.number..di.isomerase.dependent.	site	Soweto	-0.387440107444653	0.325454517785293	169	105	0.235555684217711	0.426818846616707
GLCMANNANAUT.PWY..superpathway.of.N.acetylglucosamine..N.acetylmannosamine.and.N.acetylneuraminate.degradation	site	Soweto	-0.0926744448370456	0.0793804969662491	169	168	0.244684319293172	0.438333164640844
HEMESYN2.PWY..heme.biosynthesis.II..anaerobic.	site	Soweto	-0.183055386331078	0.157104552884531	169	160	0.245606963666954	0.438333164640844
PWY.4321..L.glutamate.degradation.IV	site	Soweto	-0.590870840151507	0.505228716916071	169	54	0.243864059197687	0.438333164640844
PWY.6936..seleno.amino.acid.biosynthesis	site	Soweto	-0.0808299947997938	0.0694358523048825	169	168	0.246045502793681	0.438333164640844
PWY.3781..aerobic.respiration.I..cytochrome.c.	site	Soweto	0.516411232441874	0.45462653669326	169	62	0.257625032690881	0.451376090334436
PWY.6562..norspermidine.biosynthesis	site	Soweto	-0.369038286264748	0.324526419200096	169	118	0.257100625450635	0.451376090334436
PWY0.781..aspartate.superpathway	site	Soweto	-0.167611354269809	0.147436282908876	169	164	0.257234099149794	0.451376090334436
RUMP.PWY..formaldehyde.oxidation.I	site	Soweto	-0.599186054167749	0.5257083524153	169	34	0.256014678789509	0.451376090334436
PWY.1269..CMP.3.deoxy.D.manno.octulosonate.biosynthesis.I	site	Soweto	-0.122005909633821	0.107689966690051	169	167	0.25886478642238	0.451681767255511
PWY.5913..TCA.cycle.VI..obligate.autotrophs.	site	Soweto	-0.166375900324807	0.148308271620457	169	164	0.263547343628254	0.457967515157294
PWY.7269..NAD.NADP.NADH.NADPH.mitochondrial.interconversion..yeast.	site	Soweto	-0.399880424691844	0.359931688461017	169	81	0.268169737120773	0.464097830772276
PWY.6386..UDP.N.acetylmuramoyl.pentapeptide.biosynthesis.II..lysine.containing.	site	Soweto	-0.0437750199307451	0.0396733205266371	169	168	0.271446626343248	0.467859225892428
PWY.5097..L.lysine.biosynthesis.VI	site	Soweto	-0.0394825502645196	0.0361046438135936	169	168	0.275723415999933	0.473306592647658
PWY.6121..5.aminoimidazole.ribonucleotide.biosynthesis.I	site	Soweto	-0.034883211261034	0.0321985488754397	169	168	0.28020220673581	0.479055385709611
OANTIGEN.PWY..O.antigen.building.blocks.biosynthesis..E..coli.	site	Soweto	-0.0650503037078171	0.0609336874620364	169	168	0.28726031576828	0.487979582243863
PWY.7118..chitin.degradation.to.ethanol	site	Soweto	-0.682549319326797	0.639972317443003	169	37	0.287723810285296	0.487979582243863
PWY.6749..CMP.legionaminate.biosynthesis.I	site	Soweto	0.372807632037543	0.350856158739166	169	102	0.289513183662949	0.489058126984424
PWY.6435..4.hydroxybenzoate.biosynthesis.V	site	Soweto	-0.404713401292906	0.382570889517145	169	81	0.291638781174379	0.4906938222934
HEME.BIOSYNTHESIS.II..heme.biosynthesis.I..aerobic.	site	Soweto	-0.233311813880897	0.22131768043995	169	148	0.293316826972528	0.490957954520269
PWY.6897..thiamin.salvage.II	site	Soweto	0.0718616159622165	0.0682800337965228	169	167	0.294111604830538	0.490957954520269
PWY.5677..succinate.fermentation.to.butanoate	site	Soweto	-0.864160319031386	0.827609697796208	169	19	0.297918577407355	0.49220850888606
PWY.5845..superpathway.of.menaquinol.9.biosynthesis	site	Soweto	-0.264612827025139	0.254869820494694	169	99	0.3006651033054	0.49220850888606
PWY.5897..superpathway.of.menaquinol.11.biosynthesis	site	Soweto	-0.215353172658714	0.207127307787851	169	120	0.299975725016493	0.49220850888606
PWY.5898..superpathway.of.menaquinol.12.biosynthesis	site	Soweto	-0.215353172658714	0.207127307787851	169	120	0.299975725016493	0.49220850888606
PWY.5899..superpathway.of.menaquinol.13.biosynthesis	site	Soweto	-0.215353172658714	0.207127307787851	169	120	0.299975725016493	0.49220850888606
PWY66.398..TCA.cycle.III..animals.	site	Soweto	-0.136133703515178	0.131458168179432	169	141	0.301901530055178	0.492331725936137
PWY.5838..superpathway.of.menaquinol.8.biosynthesis.I	site	Soweto	-0.217179120885726	0.211434346708971	169	119	0.305825665134705	0.496820237613466
GALACT.GLUCUROCAT.PWY..superpathway.of.hexuronide.and.hexuronate.degradation	site	Soweto	-0.0738978232016415	0.0722987628931113	169	167	0.308203699142972	0.496875925614525
PWY0.845..superpathway.of.pyridoxal.5..phosphate.biosynthesis.and.salvage	site	Soweto	0.126396488557968	0.123476294909278	169	162	0.307481219009757	0.496875925614525
PWY.5862..superpathway.of.demethylmenaquinol.9.biosynthesis	site	Soweto	-0.268941896273741	0.265554697129222	169	99	0.312642182733631	0.502122293481286
PWY.6353..purine.nucleotides.degradation.II..aerobic.	site	Soweto	-0.0908931036785697	0.0901674460906961	169	168	0.314889812500877	0.503823700001404
PWY0.1338..polymyxin.resistance	site	Soweto	-0.370632892109386	0.36921098047526	169	82	0.316902643899662	0.505138048922769
PWY.5265..peptidoglycan.biosynthesis.II..staphylococci.	site	Soweto	0.595691208422365	0.596925744230633	169	18	0.319756172504681	0.507777592292078
PWY.5861..superpathway.of.demethylmenaquinol.8.biosynthesis	site	Soweto	-0.222370050268671	0.223565324152989	169	119	0.321343785595313	0.508394645867211
PWY.5695..urate.biosynthesis.inosine.5..phosphate.degradation	site	Soweto	0.0418206629042141	0.0421945824070117	169	168	0.323051988185709	0.509197185839184
PWY.6122..5.aminoimidazole.ribonucleotide.biosynthesis.II	site	Soweto	-0.0459003743817239	0.046587364650931	169	168	0.325924746845189	0.509933921263322
PWY.6277..superpathway.of.5.aminoimidazole.ribonucleotide.biosynthesis	site	Soweto	-0.0459003743817239	0.046587364650931	169	168	0.325924746845189	0.509933921263322
PHOSLIPSYN.PWY..superpathway.of.phospholipid.biosynthesis.I..bacteria.	site	Soweto	-0.0641731420680897	0.0653981636891263	169	168	0.327879906876986	0.511106913661184
PWY.5791..1.4.dihydroxy.2.naphthoate.biosynthesis.II..plants.	site	Soweto	-0.228416224662369	0.240838164163779	169	120	0.344285058389475	0.532762280135538
PWY.5837..1.4.dihydroxy.2.naphthoate.biosynthesis.I	site	Soweto	-0.228416224662369	0.240838164163779	169	120	0.344285058389475	0.532762280135538
P122.PWY..heterolactic.fermentation	site	Soweto	-0.308027796052804	0.32953341024472	169	118	0.351272342899488	0.536480011844737
PWY.5004..superpathway.of.L.citrulline.metabolism	site	Soweto	-0.252429256683724	0.271034166684849	169	91	0.353013970058212	0.536480011844737
PWY.5028..L.histidine.degradation.II	site	Soweto	0.715135240639912	0.766458795708115	169	17	0.352147332177069	0.536480011844737
PWY.6892..thiazole.biosynthesis.I..E..coli.	site	Soweto	0.0897267561282779	0.0957871253777021	169	167	0.3502496816057	0.536480011844737
PWY.7199..pyrimidine.deoxyribonucleosides.salvage	site	Soweto	-0.0316806160579806	0.0339083553063764	169	168	0.351497514310825	0.536480011844737
PWY.6305..putrescine.biosynthesis.IV	site	Soweto	0.0804064081383818	0.0875448605681413	169	167	0.359702978666757	0.544693081981089
PWY.7388..octanoyl..acyl.carrier.protein..biosynthesis..mitochondria..yeast.	site	Soweto	-0.117919084987783	0.128895376035351	169	167	0.361592875810714	0.545606332184137
PWY.5103..L.isoleucine.biosynthesis.III	site	Soweto	-0.0500176827182966	0.0550365155424993	169	168	0.364760613211507	0.547235668306322
PWY.7198..pyrimidine.deoxyribonucleotides.de.novo.biosynthesis.IV	site	Soweto	0.144430506443459	0.15908683436831	169	163	0.365253995591248	0.547235668306322
X3.HYDROXYPHENYLACETATE.DEGRADATION.PWY..4.hydroxyphenylacetate.degradation	site	Soweto	-0.420817767880838	0.466168427623932	169	67	0.367976762240456	0.549373757711103
PWY4FS.7..phosphatidylglycerol.biosynthesis.I..plastidic.	site	Soweto	-0.0624681196964414	0.0700491609649857	169	168	0.373796417786602	0.554159724271046
PWY4FS.8..phosphatidylglycerol.biosynthesis.II..non.plastidic.	site	Soweto	-0.0624842987911809	0.0700477627395907	169	168	0.373663453782406	0.554159724271046
ANAEROFRUCAT.PWY..homolactic.fermentation	site	Soweto	0.0414678662224638	0.0471739574593417	169	168	0.380641845098469	0.555117884007012
P4.PWY..superpathway.of.L.lysine..L.threonine.and.L.methionine.biosynthesis.I	site	Soweto	-0.130057443974818	0.146667008475134	169	165	0.376486984474018	0.555117884007012
PWY.7094..fatty.acid.salvage	site	Soweto	-0.358933436607635	0.408622012130488	169	89	0.380988925108586	0.555117884007012
PWY.7184..pyrimidine.deoxyribonucleotides.de.novo.biosynthesis.I	site	Soweto	0.043592726152989	0.0493661924042618	169	168	0.378479627112504	0.555117884007012
PWY.7332..superpathway.of.UDP.N.acetylglucosamine.derived.O.antigen.building.blocks.biosynthesis	site	Soweto	0.188868988073496	0.214204221768518	169	157	0.379193415869985	0.555117884007012
DHGLUCONATE.PYR.CAT.PWY..glucose.degradation..oxidative.	site	Soweto	-0.734320921821992	0.839655115378955	169	27	0.383074429564948	0.556245062108007
PWY.1861..formaldehyde.assimilation.II..RuMP.Cycle.	site	Soweto	-0.336431082913452	0.389038553181862	169	109	0.388402406568979	0.562056724864325
GALACTUROCAT.PWY..D.galacturonate.degradation.I	site	Soweto	-0.0560098999055691	0.0651974730422319	169	168	0.391527354666071	0.564651695164673
GLUDEG.I.PWY..GABA.shunt	site	Soweto	0.148909012916222	0.177728853858435	169	156	0.403315961374779	0.579681246179343
RIBOSYN2.PWY..flavin.biosynthesis.I..bacteria.and.plants.	site	Soweto	-0.0545353316000196	0.0656376413134802	169	167	0.407242103045989	0.583346796255065
PWY0.862...5Z..dodec.5.enoate.biosynthesis	site	Soweto	-0.0999645738565709	0.1214824822018	169	167	0.411754044886356	0.587823956336077
PWY.7294..xylose.degradation.IV	site	Soweto	-0.592820730987495	0.723363637512917	169	20	0.413650168405082	0.588549232898505
SO4ASSIM.PWY..sulfate.reduction.I..assimilatory.	site	Soweto	-0.127584787097619	0.156302358576321	169	165	0.415509043194289	0.589216837171834
PWY.7219..adenosine.ribonucleotides.de.novo.biosynthesis	site	Soweto	-0.0317537318640736	0.0393196530667265	169	168	0.420481668589451	0.5915544461902
PWY.7220..adenosine.deoxyribonucleotides.de.novo.biosynthesis.II	site	Soweto	0.0316199051235032	0.0392267540635705	169	168	0.421343025352454	0.5915544461902
PWY.7222..guanosine.deoxyribonucleotides.de.novo.biosynthesis.II	site	Soweto	0.0316199051235032	0.0392267540635705	169	168	0.421343025352454	0.5915544461902
PWY.5022..4.aminobutanoate.degradation.V	site	Soweto	0.114727425918565	0.144811472504307	169	158	0.429336723447618	0.598811745861151
PWY.7345..superpathway.of.anaerobic.sucrose.degradation	site	Soweto	0.324193956437282	0.40907941376759	169	47	0.429195657353616	0.598811745861151
PWY.6731..starch.degradation.III	site	Soweto	-0.146606551816198	0.185767027388325	169	154	0.43111660215076	0.599322751842368
NONMEVIPP.PWY..methylerythritol.phosphate.pathway.I	site	Soweto	0.109763127554737	0.140829715739288	169	155	0.436845369229563	0.605302080239656
PWY.5654..2.amino.3.carboxymuconate.semialdehyde.degradation.to.2.oxopentenoate	site	Soweto	0.575426564710386	0.743072553794847	169	21	0.439796270277677	0.607405923771123
PWY66.399..gluconeogenesis.III	site	Soweto	0.0578652788447789	0.0752858890981733	169	166	0.44321208419011	0.610136115898073
GLYCOCAT.PWY..glycogen.degradation.I..bacterial.	site	Soweto	-0.168011375139997	0.220787664009342	169	133	0.447751953889826	0.612409124029955
PWY.3801..sucrose.degradation.II..sucrose.synthase.	site	Soweto	0.311573480609054	0.408874611044345	169	47	0.447118781407716	0.612409124029955
PWY.7328..superpathway.of.UDP.glucose.derived.O.antigen.building.blocks.biosynthesis	site	Soweto	-0.156697306481347	0.207981107040847	169	143	0.452257918137761	0.616583142412896
PWY.5667..CDP.diacylglycerol.biosynthesis.I	site	Soweto	0.0405148740641348	0.0544551663997714	169	168	0.457919464526823	0.618337111335583
PWY0.1319..CDP.diacylglycerol.biosynthesis.II	site	Soweto	0.0405590960685104	0.0544492158267031	169	168	0.457380562607273	0.618337111335583
PWY0.162..superpathway.of.pyrimidine.ribonucleotides.de.novo.biosynthesis	site	Soweto	-0.0504728327182479	0.0678200492736703	169	168	0.457791106770495	0.618337111335583
PWY.5173..superpathway.of.acetyl.CoA.biosynthesis	site	Soweto	-0.165915315412884	0.226989724193914	169	149	0.465841573456251	0.627037546493493
PWY.7357..thiamin.formation.from.pyrithiamine.and.oxythiamine..yeast.	site	Soweto	0.0460666696963256	0.0641272882837621	169	167	0.473537332659496	0.635066663372168
PWY.7664..oleate.biosynthesis.IV..anaerobic.	site	Soweto	-0.0836425331924482	0.116769090181728	169	167	0.474802198794758	0.635066663372168
GLUCOSE1PMETAB.PWY..glucose.and.glucose.1.phosphate.degradation	site	Soweto	-0.148791610567678	0.213144980304231	169	146	0.486099895160948	0.641288799291888
PWY.6168..flavin.biosynthesis.III..fungi.	site	Soweto	0.0344532391799909	0.0489683223632054	169	167	0.482672809283965	0.641288799291888
PWY.6210..2.aminophenol.degradation	site	Soweto	0.507644374682077	0.727146783791413	169	21	0.486065651965853	0.641288799291888
PWY.6282..palmitoleate.biosynthesis.I..from..5Z..dodec.5.enoate.	site	Soweto	-0.0857746038382331	0.122273225601945	169	167	0.483967777809154	0.641288799291888
PWY.7111..pyruvate.fermentation.to.isobutanol..engineered.	site	Soweto	-0.0327624019748223	0.0470313176972298	169	168	0.487016493801858	0.641288799291888
PWY.7383..anaerobic.energy.metabolism..invertebrates..cytosol.	site	Soweto	-0.0566011562586124	0.0818229924294555	169	167	0.490054160634221	0.6432909105539
ASPASN.PWY..superpathway.of.L.aspartate.and.L.asparagine.biosynthesis	site	Soweto	0.0507343148879711	0.0740765983219689	169	168	0.494362866414123	0.64694399802342
ILEUSYN.PWY..L.isoleucine.biosynthesis.I..from.threonine.	site	Soweto	-0.0315301876976949	0.0469438623583033	169	168	0.50272995142576	0.649870425013788
PWY.7117..C4.photosynthetic.carbon.assimilation.cycle..PEPCK.type	site	Soweto	0.123806339270983	0.183747132221207	169	155	0.501378552355739	0.649870425013788
THISYN.PWY..superpathway.of.thiamin.diphosphate.biosynthesis.I	site	Soweto	0.0377271188635155	0.0558063203871771	169	167	0.499952505377098	0.649870425013788
VALSYN.PWY..L.valine.biosynthesis	site	Soweto	-0.0315301876976949	0.0469438623583033	169	168	0.50272995142576	0.649870425013788
PYRIDNUCSYN.PWY..NAD.biosynthesis.I..from.aspartate.	site	Soweto	0.0315056391892216	0.0474796137792977	169	167	0.507886049375913	0.65454007579145
PWY.5863..superpathway.of.phylloquinol.biosynthesis	site	Soweto	-0.143511257416098	0.222388693229	169	120	0.519607225977813	0.667616557013918
PWY.5138..unsaturated..even.numbered.fatty.acid..beta..oxidation	site	Soweto	-0.166391541738743	0.259157952759505	169	128	0.521723127562577	0.668309988176836
PANTOSYN.PWY..pantothenate.and.coenzyme.A.biosynthesis.I	site	Soweto	-0.0258982374475969	0.0406765948950173	169	168	0.525200841325359	0.668724194360216
PWY.6703..preQ0.biosynthesis	site	Soweto	-0.0404186511519508	0.0633635205287445	169	168	0.524422093163891	0.668724194360216
PWY.5384..sucrose.degradation.IV..sucrose.phosphorylase.	site	Soweto	0.118591369112568	0.187604110230174	169	154	0.528162274345178	0.670481450066933
PWY.7210..pyrimidine.deoxyribonucleotides.biosynthesis.from.CTP	site	Soweto	-0.125606731621023	0.200492969106887	169	154	0.531849376903433	0.673146674050912
FASYN.ELONG.PWY..fatty.acid.elongation....saturated	site	Soweto	-0.0692279565780269	0.112709170666511	169	167	0.539907394334706	0.681311711898558
BRANCHED.CHAIN.AA.SYN.PWY..superpathway.of.branched.amino.acid.biosynthesis	site	Soweto	-0.0315714495510914	0.052074042510527	169	168	0.545152080101469	0.683859414091783
PWY.5505..L.glutamate.and.L.glutamine.biosynthesis	site	Soweto	-0.0322038146715166	0.0529078405564129	169	167	0.543565230977649	0.683859414091783
PWY.7282..4.amino.2.methyl.5.phosphomethylpyrimidine.biosynthesis..yeast.	site	Soweto	0.0492730410035871	0.0848650724540684	169	163	0.562289710077684	0.703276805524891
BIOTIN.BIOSYNTHESIS.PWY..biotin.biosynthesis.I	site	Soweto	0.0646291600163962	0.112261004784258	169	165	0.565589925194248	0.705323906712827
AEROBACTINSYN.PWY..aerobactin.biosynthesis	site	Soweto	-0.509055956809736	0.890981889482242	169	22	0.568535513163186	0.706918057422847
PWY.5154..L.arginine.biosynthesis.III..via.N.acetyl.L.citrulline.	site	Soweto	-0.0344230956119511	0.0606446783293318	169	168	0.571055726052371	0.707975520018144
PWY66.389..phytol.degradation	site	Soweto	-0.117073040611977	0.208857825619816	169	149	0.575862806892995	0.711853732135947
PWY.6270..isoprene.biosynthesis.I	site	Soweto	0.08409169859946	0.153847113113051	169	155	0.585388188773102	0.72152497685987
PWY1G.0..mycothiol.biosynthesis	site	Soweto	0.286988673135846	0.5387042526834	169	26	0.594922546182256	0.731151187192106
PWY.6876..isopropanol.biosynthesis	site	Soweto	-0.122503781630742	0.235573070679872	169	133	0.603735115995719	0.739837251971633
PWY.4041...gamma..glutamyl.cycle	site	Soweto	0.0859986476337491	0.173686677030322	169	162	0.621154473067094	0.758181073711219
PWY.7560..methylerythritol.phosphate.pathway.II	site	Soweto	0.0624539502287143	0.126543261562264	169	155	0.622280692574303	0.758181073711219
ALLANTOINDEG.PWY..superpathway.of.allantoin.degradation.in.yeast	site	Soweto	-0.158003927626266	0.322902503935972	169	66	0.625254452788813	0.759621455537125
GOLPDLCAT.PWY..superpathway.of.glycerol.degradation.to.1.3.propanediol	site	Soweto	0.136290224629589	0.280134041255809	169	142	0.627237883799345	0.759853893516921
PANTO.PWY..phosphopantothenate.biosynthesis.I	site	Soweto	0.0194361327359111	0.0404976318076635	169	168	0.631903327865604	0.761345453796743
PWY.6519..8.amino.7.oxononanoate.biosynthesis.I	site	Soweto	0.0545229277023657	0.113657801574317	169	166	0.632060376736919	0.761345453796743
PWYG.321..mycolate.biosynthesis	site	Soweto	-0.0560611631101671	0.117696421694199	169	166	0.634468987708803	0.762081730279129
PWY.5686..UMP.biosynthesis	site	Soweto	-0.0172374805955933	0.0376131879039146	169	168	0.647345004658716	0.775351079026259
ARGORNPROST.PWY..arginine..ornithine.and.proline.interconversion	site	Soweto	-0.0686494332026091	0.150952337937398	169	134	0.649861332934867	0.776172408913757
GLUCUROCAT.PWY..superpathway.of..beta..D.glucuronide.and.D.glucuronate.degradation	site	Soweto	0.0298616464548257	0.067148639950455	169	167	0.657105426961641	0.782619946718359
COA.PWY.1..coenzyme.A.biosynthesis.II..mammalian.	site	Soweto	-0.0132401262873921	0.0311194294295682	169	168	0.671047877432663	0.787626788476551
PWY.2723..trehalose.degradation.V	site	Soweto	-0.103833116624382	0.24516227012078	169	131	0.672454946765358	0.787626788476551
PWY.6608..guanosine.nucleotides.degradation.III	site	Soweto	-0.0457586090466335	0.108007029543503	169	168	0.672356580531426	0.787626788476551
PWY.7165..L.ascorbate.biosynthesis.VI..engineered.pathway.	site	Soweto	-0.245646361200012	0.564896093064093	169	42	0.664231052248159	0.787626788476551
PYRIDNUCSAL.PWY..NAD.salvage.pathway.I	site	Soweto	-0.0827513061280402	0.192730220874695	169	133	0.668212195248673	0.787626788476551
RHAMCAT.PWY..L.rhamnose.degradation.I	site	Soweto	-0.036290445793953	0.08549256666556	169	168	0.671757353874386	0.787626788476551
PWY.2942..L.lysine.biosynthesis.III	site	Soweto	-0.0163059502704531	0.0390474169788308	169	168	0.676780691246133	0.790509677929368
PROTOCATECHUATE.ORTHO.CLEAVAGE.PWY..protocatechuate.degradation.II..ortho.cleavage.pathway.	site	Soweto	-0.192804621111333	0.470570156091375	169	68	0.682532355529132	0.79503768885811
DENITRIFICATION.PWY..nitrate.reduction.I..denitrification.	site	Soweto	0.285881758737367	0.715958922687337	169	35	0.690182995532895	0.795210842679205
PWY.3001..superpathway.of.L.isoleucine.biosynthesis.I	site	Soweto	0.0119526558571542	0.0296817614234687	169	168	0.687688643702108	0.795210842679205
PWY.6609..adenine.and.adenosine.salvage.III	site	Soweto	0.013411098645474	0.0332001495739375	169	168	0.686768545561444	0.795210842679205
PWY.7245..superpathway.NAD.NADP...NADH.NADPH.interconversion..yeast.	site	Soweto	0.22991888607653	0.573474830122761	169	33	0.688989767196259	0.795210842679205
PWY.6263..superpathway.of.menaquinol.8.biosynthesis.II	site	Soweto	0.0769576841076324	0.209953710653739	169	110	0.714421708063571	0.82090732850665
HSERMETANA.PWY..L.methionine.biosynthesis.III	site	Soweto	-0.0134876436149512	0.037582263343055	169	168	0.720135771466666	0.825236667842882
FERMENTATION.PWY..mixed.acid.fermentation	site	Soweto	-0.0538045559034794	0.15197165914159	169	164	0.723753000594177	0.827146286393345
P185.PWY..formaldehyde.assimilation.III..dihydroxyacetone.cycle.	site	Soweto	0.128746864877555	0.373483203425346	169	137	0.730739155316756	0.832265187233869
PWY.7288..fatty.acid..beta..oxidation..peroxisome..yeast.	site	Soweto	0.180655643748852	0.526954665092855	169	50	0.732157818014701	0.832265187233869
PWY.7200..superpathway.of.pyrimidine.deoxyribonucleoside.salvage	site	Soweto	-0.0724732680420047	0.214994513048849	169	86	0.736469639444404	0.834928147391517
PWY.7242..D.fructuronate.degradation	site	Soweto	0.0236069716283249	0.0729640026902246	169	168	0.746689067279946	0.844256438737859
FUCCAT.PWY..fucose.degradation	site	Soweto	-0.0516752124377302	0.171859193737979	169	164	0.764029909831619	0.852550276652658
P164.PWY..purine.nucleobases.degradation.I..anaerobic.	site	Soweto	-0.0312777468912261	0.101700300724627	169	159	0.758809331531815	0.852550276652658
PWY.4981..L.proline.biosynthesis.II..from.arginine.	site	Soweto	0.0297569365477531	0.0987198097521747	169	168	0.76346298130073	0.852550276652658
PWY.5083..NAD.NADH.phosphorylation.and.dephosphorylation	site	Soweto	0.049692354541744	0.166764050494849	169	156	0.766088809916657	0.852550276652658
PWY.6906..chitin.derivatives.degradation	site	Soweto	-0.157302412875795	0.525521739835392	169	38	0.765063376453176	0.852550276652658
PWY0.166..superpathway.of.pyrimidine.deoxyribonucleotides.de.novo.biosynthesis..E..coli.	site	Soweto	-0.0134155448747665	0.0443217212336412	169	168	0.762506192339476	0.852550276652658
PWY.6531..mannitol.cycle	site	Soweto	-0.0731010528727351	0.255944196535711	169	137	0.77552830228874	0.860795811964466
P221.PWY..octane.oxidation	site	Soweto	-0.097562466857543	0.364862546580035	169	100	0.789494893386355	0.874010012521709
PWY.6318..L.phenylalanine.degradation.IV..mammalian..via.side.chain.	site	Soweto	-0.0914943602292725	0.351949079611733	169	90	0.795211180083535	0.876882905874291
URSIN.PWY..ureide.biosynthesis	site	Soweto	0.150282269205912	0.581032614650323	169	38	0.796226223494344	0.876882905874291
P108.PWY..pyruvate.fermentation.to.propanoate.I	site	Soweto	0.0265012604634077	0.108629671953417	169	164	0.807561493315925	0.884618061928052
PWY.1042..glycolysis.IV..plant.cytosol.	site	Soweto	0.00769392705630929	0.032594227922757	169	168	0.81368170790552	0.884618061928052
PWY.7197..pyrimidine.deoxyribonucleotide.phosphorylation	site	Soweto	0.0133221614993184	0.0560077861841621	169	168	0.81227919500713	0.884618061928052
PWY66.367..ketogenesis	site	Soweto	0.129933975600437	0.549415544848761	169	17	0.813338486411966	0.884618061928052
UDPNACETYLGALSYN.PWY..UDP.N.acetyl.D.glucosamine.biosynthesis.II	site	Soweto	0.132218746324485	0.544936672080225	169	41	0.808588689707904	0.884618061928052
PWY.6700..queuosine.biosynthesis	site	Soweto	-0.00873814865312954	0.0397842019341687	169	168	0.826420820291652	0.896169892080973
PWY.241..C4.photosynthetic.carbon.assimilation.cycle..NADP.ME.type	site	Soweto	0.0386246075567669	0.186257755317499	169	155	0.835972149866366	0.897347320362884
PWY.5181..toluene.degradation.III..aerobic...via.p.cresol.	site	Soweto	-0.120453568834544	0.574684013578771	169	33	0.834235626964978	0.897347320362884
PWY.7268..NAD.NADP.NADH.NADPH.cytosolic.interconversion..yeast.	site	Soweto	0.124119733116715	0.591025455544333	169	38	0.8339178713207	0.897347320362884
PWY66.391..fatty.acid..beta..oxidation.VI..peroxisome.	site	Soweto	0.0950153912035261	0.449673877659145	169	50	0.832912025976607	0.897347320362884
PWY.6606..guanosine.nucleotides.degradation.II	site	Soweto	-0.02141207511701	0.106704668619543	169	168	0.841203365311109	0.900682391141187
COBALSYN.PWY..adenosylcobalamin.salvage.from.cobinamide.I	site	Soweto	0.0167484851161969	0.0877080403489889	169	167	0.848791048836052	0.906517392207774
FUC.RHAMCAT.PWY..superpathway.of.fucose.and.rhamnose.degradation	site	Soweto	-0.0287179098343403	0.154056822052515	169	159	0.852348597153157	0.90802966128879
PWY.7187..pyrimidine.deoxyribonucleotides.de.novo.biosynthesis.II	site	Soweto	-0.00814944174991581	0.0456076790204347	169	168	0.858401057229721	0.912185584625067
PYRIDOXSYN.PWY..pyridoxal.5..phosphate.biosynthesis.I	site	Soweto	0.0235657797540918	0.136675648307953	169	164	0.863315183094613	0.91511409408029
PWY.6126..superpathway.of.adenosine.nucleotides.de.novo.biosynthesis.II	site	Soweto	0.00443067098295147	0.0275715960939657	169	168	0.872526327609677	0.92149408280863
PWY.6182..superpathway.of.salicylate.degradation	site	Soweto	0.0838928866224373	0.526868749959887	169	31	0.873680710587427	0.92149408280863
PWY.7013..L.1.2.propanediol.degradation	site	Soweto	0.0554504880124721	0.368047402723407	169	112	0.880424752840241	0.926302965767399
PWY0.1261..anhydromuropeptides.recycling	site	Soweto	0.00885761807099403	0.0631375197285364	169	167	0.888599235663774	0.932589296835248
PWY.5514..UDP.N.acetyl.D.galactosamine.biosynthesis.II	site	Soweto	0.0686805162160498	0.52249513920408	169	37	0.895579786311128	0.937594640483749
PWY3DJ.35471..L.ascorbate.biosynthesis.IV	site	Soweto	-0.0582574630034193	0.462606447827219	169	57	0.899936365387771	0.939835021981317
PWY.6185..4.methylcatechol.degradation..ortho.cleavage.	site	Soweto	0.05416667926142	0.499198875599793	169	41	0.913723620606337	0.951888980680803
X1CMET2.PWY..N10.formyl.tetrahydrofolate.biosynthesis	site	Soweto	-0.0024697210386194	0.0305532711099068	169	168	0.935671333987281	0.963005234164197
CATECHOL.ORTHO.CLEAVAGE.PWY..catechol.degradation.to..beta..ketoadipate	site	Soweto	-0.0315479443821429	0.45175800151177	169	48	0.944409554871511	0.963005234164197
NAGLIPASYN.PWY..lipid.IVA.biosynthesis	site	Soweto	0.00961790981469665	0.126589918243339	169	166	0.939528416187752	0.963005234164197
PRPP.PWY..superpathway.of.histidine..purine..and.pyrimidine.biosynthesis	site	Soweto	0.00942463335617221	0.111986917288332	169	163	0.933031337982352	0.963005234164197
PWY.5417..catechol.degradation.III..ortho.cleavage.pathway.	site	Soweto	-0.0391933664115801	0.487304567087856	169	38	0.935992452363542	0.963005234164197
PWY.5431..aromatic.compounds.degradation.via..beta..ketoadipate	site	Soweto	-0.0391933664115801	0.487304567087856	169	38	0.935992452363542	0.963005234164197
PWY.5989..stearate.biosynthesis.II..bacteria.and.plants.	site	Soweto	-0.00805673412853952	0.116262142907628	169	166	0.944835324085627	0.963005234164197
PWY.7229..superpathway.of.adenosine.nucleotides.de.novo.biosynthesis.I	site	Soweto	0.0017544192604609	0.0247661176341948	169	168	0.943610259198797	0.963005234164197
PWY0.1586..peptidoglycan.maturation..meso.diaminopimelate.containing.	site	Soweto	-0.00633450941929131	0.0704530638799651	169	168	0.928465637673654	0.963005234164197
PWY.5509..adenosylcobalamin.biosynthesis.from.cobyrinate.a.c.diamide.I	site	Soweto	-0.0266684277823194	0.479861801000587	169	34	0.955746634406748	0.970028461213958
PWY.7316..dTDP.N.acetylviosamine.biosynthesis	site	Soweto	0.0211621394935393	0.385624971709749	169	147	0.956301643366591	0.970028461213958
PWY.3841..folate.transformations.II	site	Soweto	-0.00149707810416878	0.0324099072116423	169	168	0.963212417379751	0.974706598971395
PWY66.388..fatty.acid..alpha..oxidation.III	site	Soweto	-0.0174515438826967	0.419960121082435	169	39	0.966902895658841	0.976111494665116
PWY.6737..starch.degradation.V	site	Soweto	-0.00139163875667295	0.0411289915897923	169	168	0.973048371024411	0.979982207397507
PWY.7209..superpathway.of.pyrimidine.ribonucleosides.degradation	site	Soweto	0.00713436227954727	0.271194994290332	169	99	0.979043776442439	0.983683794340271
PWY.6507..4.deoxy.L.threo.hex.4.enopyranuronate.degradation	site	Soweto	-0.00079352726887588	0.0701979546699412	169	168	0.990994288784643	0.99333706488106
PWY.1541..superpathway.of.taurine.degradation	site	Soweto	0.00510098261292564	0.684735940743106	169	23	0.99406505631723	0.99406505631723
